deviation_id,opened_date,closed_date,due_date,status,severity,site,department,process,product,batch_id,equipment_id,supplier_id,sop_id,owner,short_description,root_cause_category,capa_id,recurrence_flag
DEV-001,2026-03-24,2026-04-14,2026-04-20,closed,major,Berlin Site,Packaging,Packaging,Product A,BATCH-2026-063,EQ-010,,SOP-061,Packaging Owner 01,Synthetic packaging deviation: label reconciliation or line clearance issue.,manual check gap,,True
DEV-002,2026-03-24,,2026-04-25,open,minor,Berlin Site,Packaging,Packaging,Product A,BATCH-2026-104,EQ-018,,SOP-008,Production Owner 01,Synthetic packaging deviation: label reconciliation or line clearance issue.,label reconciliation,CAPA-035,True
DEV-003,2026-03-26,,2026-05-01,open,major,Berlin Site,Packaging,Packaging,Product A,BATCH-2026-117,EQ-008,,SOP-090,QA Owner 01,Synthetic packaging deviation: label reconciliation or line clearance issue.,label reconciliation,,False
DEV-004,2026-03-24,,2026-05-07,in_progress,major,Basel Site,Packaging,Packaging,Product B,BATCH-2026-039,EQ-008,,SOP-057,Packaging Owner 01,Synthetic packaging deviation: label reconciliation or line clearance issue.,line clearance,,True
DEV-005,2026-03-30,,2026-05-12,in_progress,major,Berlin Site,Packaging,Packaging,Product B,BATCH-2026-017,EQ-020,,SOP-089,QA Owner 01,Synthetic packaging deviation: label reconciliation or line clearance issue.,label reconciliation,,True
DEV-006,2026-03-30,2026-05-09,2026-04-27,closed,major,Berlin Site,Packaging,Packaging,Product B,BATCH-2026-092,EQ-013,,SOP-054,Packaging Owner 01,Synthetic packaging deviation: label reconciliation or line clearance issue.,manual check gap,CAPA-009,True
DEV-007,2026-04-01,,2026-04-25,open,major,Basel Site,Packaging,Packaging,Product A,BATCH-2026-023,EQ-004,,SOP-010,Production Owner 01,Synthetic packaging deviation: label reconciliation or line clearance issue.,manual check gap,,False
DEV-008,2026-03-30,,2026-04-23,open,major,Berlin Site,Packaging,Packaging,Product C,BATCH-2026-116,EQ-012,,SOP-002,Production Owner 01,Synthetic packaging deviation: label reconciliation or line clearance issue.,manual check gap,,False
DEV-009,2026-04-02,,2026-05-01,open,minor,Basel Site,Packaging,Packaging,Product A,BATCH-2026-060,EQ-018,,SOP-089,QA Owner 01,Synthetic packaging deviation: label reconciliation or line clearance issue.,manual check gap,,True
DEV-010,2026-04-01,2026-04-25,2026-04-22,closed,minor,Berlin Site,Packaging,Packaging,Product B,BATCH-2026-077,EQ-001,,SOP-062,Packaging Owner 01,Synthetic packaging deviation: label reconciliation or line clearance issue.,label reconciliation,CAPA-030,False
DEV-011,2026-04-08,,2026-05-08,in_progress,major,Basel Site,Packaging,Packaging,Product C,BATCH-2026-087,EQ-011,,SOP-075,Packaging Owner 01,Synthetic packaging deviation: label reconciliation or line clearance issue.,manual check gap,,False
DEV-012,2026-04-07,,2026-05-17,in_progress,minor,Berlin Site,Packaging,Packaging,Product A,BATCH-2026-003,EQ-007,,SOP-096,Production Owner 01,Synthetic packaging deviation: label reconciliation or line clearance issue.,line clearance,,False
DEV-013,2026-04-08,,2026-05-18,open,minor,Berlin Site,Packaging,Packaging,Product B,BATCH-2026-095,EQ-008,,SOP-046,QA Owner 01,Synthetic packaging deviation: label reconciliation or line clearance issue.,label reconciliation,,False
DEV-014,2026-04-08,,2026-05-05,in_progress,minor,Basel Site,Packaging,Packaging,Product A,BATCH-2026-109,EQ-016,,SOP-009,QA Owner 01,Synthetic packaging deviation: label reconciliation or line clearance issue.,line clearance,CAPA-004,True
DEV-015,2026-04-08,,2026-05-07,in_progress,minor,Basel Site,Packaging,Packaging,Product C,BATCH-2026-114,EQ-007,,SOP-061,QA Owner 01,Synthetic packaging deviation: label reconciliation or line clearance issue.,manual check gap,CAPA-024,True
DEV-016,2026-04-09,,2026-05-06,in_progress,minor,Basel Site,Packaging,Packaging,Product A,BATCH-2026-040,EQ-004,,SOP-070,Packaging Owner 01,Synthetic packaging deviation: label reconciliation or line clearance issue.,manual check gap,,False
DEV-017,2026-04-06,,2026-05-08,open,major,Berlin Site,Packaging,Packaging,Product C,BATCH-2026-082,EQ-018,,SOP-051,Packaging Owner 01,Synthetic packaging deviation: label reconciliation or line clearance issue.,line clearance,,False
DEV-018,2026-04-08,,2026-05-21,open,major,Basel Site,Packaging,Packaging,Product B,BATCH-2026-051,EQ-005,,SOP-094,Production Owner 01,Synthetic packaging deviation: label reconciliation or line clearance issue.,manual check gap,CAPA-048,True
DEV-019,2026-04-15,,2026-05-30,in_progress,minor,Basel Site,Packaging,Packaging,Product C,BATCH-2026-108,EQ-014,,SOP-023,Packaging Owner 01,Synthetic packaging deviation: label reconciliation or line clearance issue.,line clearance,CAPA-014,False
DEV-020,2026-04-14,,2026-05-11,in_progress,minor,Basel Site,Packaging,Packaging,Product B,BATCH-2026-064,EQ-014,,SOP-023,Packaging Owner 01,Synthetic packaging deviation: label reconciliation or line clearance issue.,line clearance,CAPA-014,False
DEV-021,2026-04-15,,2026-05-21,in_progress,major,Berlin Site,Packaging,Packaging,Product B,BATCH-2026-167,EQ-014,,SOP-023,Packaging Owner 01,Synthetic packaging deviation: label reconciliation or line clearance issue.,line clearance,CAPA-014,True
DEV-022,2026-04-13,,2026-05-27,in_progress,minor,Berlin Site,Packaging,Packaging,Product C,BATCH-2026-014,EQ-016,,SOP-026,Packaging Owner 01,Synthetic packaging deviation: label reconciliation or line clearance issue.,manual check gap,,True
DEV-023,2026-04-13,,2026-05-19,in_progress,minor,Berlin Site,Packaging,Packaging,Product A,BATCH-2026-066,EQ-019,,SOP-014,QA Owner 01,Synthetic packaging deviation: label reconciliation or line clearance issue.,label reconciliation,CAPA-078,False
DEV-024,2026-04-15,,2026-05-05,open,minor,Berlin Site,Packaging,Packaging,Product C,BATCH-2026-103,EQ-014,,SOP-091,Packaging Owner 01,Synthetic packaging deviation: label reconciliation or line clearance issue.,manual check gap,,False
DEV-025,2026-04-15,,2026-05-11,open,minor,Berlin Site,Packaging,Packaging,Product A,BATCH-2026-073,EQ-005,,SOP-081,QA Owner 01,Synthetic packaging deviation: label reconciliation or line clearance issue.,line clearance,,False
DEV-026,2026-04-13,,2026-05-09,in_progress,major,Berlin Site,Packaging,Packaging,Product C,BATCH-2026-140,EQ-008,,SOP-084,Packaging Owner 01,Synthetic packaging deviation: label reconciliation or line clearance issue.,manual check gap,,True
DEV-027,2026-04-13,,2026-05-16,in_progress,minor,Berlin Site,Packaging,Packaging,Product B,BATCH-2026-121,EQ-003,,SOP-013,QA Owner 01,Synthetic packaging deviation: label reconciliation or line clearance issue.,manual check gap,,True
DEV-028,2026-04-14,,2026-05-10,in_progress,minor,Basel Site,Packaging,Packaging,Product C,BATCH-2026-062,EQ-018,,SOP-087,QA Owner 01,Synthetic packaging deviation: label reconciliation or line clearance issue.,label reconciliation,,False
DEV-029,2026-04-21,,2026-05-22,in_progress,minor,Berlin Site,Packaging,Packaging,Product B,BATCH-2026-159,EQ-014,,SOP-023,Packaging Owner 01,Synthetic packaging deviation: label reconciliation or line clearance issue.,line clearance,CAPA-014,True
DEV-030,2026-04-23,,2026-05-23,in_progress,minor,Basel Site,Packaging,Packaging,Product B,BATCH-2026-124,EQ-014,,SOP-023,Packaging Owner 01,Synthetic packaging deviation: label reconciliation or line clearance issue.,line clearance,CAPA-014,False
DEV-031,2026-04-22,,2026-05-31,open,minor,Berlin Site,Packaging,Packaging,Product A,BATCH-2026-087,EQ-014,,SOP-023,Production Owner 01,Synthetic packaging deviation: label reconciliation or line clearance issue.,line clearance,CAPA-014,False
DEV-032,2026-04-23,2026-05-24,2026-05-19,closed,major,Basel Site,Packaging,Packaging,Product A,BATCH-2026-023,EQ-013,,SOP-050,QA Owner 01,Synthetic packaging deviation: label reconciliation or line clearance issue.,manual check gap,CAPA-041,False
DEV-033,2026-04-20,,2026-06-04,in_progress,major,Berlin Site,Packaging,Packaging,Product B,BATCH-2026-007,EQ-010,,SOP-085,Production Owner 01,Synthetic packaging deviation: label reconciliation or line clearance issue.,line clearance,,False
DEV-034,2026-04-22,2026-05-25,2026-06-05,closed,minor,Berlin Site,Packaging,Packaging,Product A,BATCH-2026-055,EQ-009,,SOP-015,Packaging Owner 01,Synthetic packaging deviation: label reconciliation or line clearance issue.,label reconciliation,CAPA-035,False
DEV-035,2026-04-20,2026-05-04,2026-05-29,closed,minor,Basel Site,Packaging,Packaging,Product A,BATCH-2026-164,EQ-020,,SOP-035,Packaging Owner 01,Synthetic packaging deviation: label reconciliation or line clearance issue.,line clearance,,False
DEV-036,2026-04-21,,2026-05-30,open,major,Basel Site,Packaging,Packaging,Product A,BATCH-2026-133,EQ-004,,SOP-072,Packaging Owner 01,Synthetic packaging deviation: label reconciliation or line clearance issue.,label reconciliation,CAPA-032,True
DEV-037,2026-04-20,,2026-06-04,open,minor,Berlin Site,Packaging,Packaging,Product C,BATCH-2026-004,EQ-017,,SOP-097,Packaging Owner 01,Synthetic packaging deviation: label reconciliation or line clearance issue.,line clearance,,False
DEV-038,2026-04-20,,2026-06-01,in_progress,minor,Berlin Site,Packaging,Packaging,Product B,BATCH-2026-038,EQ-017,,SOP-070,Packaging Owner 01,Synthetic packaging deviation: label reconciliation or line clearance issue.,manual check gap,,False
DEV-039,2026-04-21,,2026-05-26,in_progress,minor,Berlin Site,Packaging,Packaging,Product C,BATCH-2026-006,EQ-018,,SOP-014,Packaging Owner 01,Synthetic packaging deviation: label reconciliation or line clearance issue.,label reconciliation,CAPA-046,True
DEV-040,2026-04-20,,2026-05-28,open,major,Basel Site,Packaging,Packaging,Product B,BATCH-2026-064,EQ-017,,SOP-062,Packaging Owner 01,Synthetic packaging deviation: label reconciliation or line clearance issue.,line clearance,,False
DEV-041,2026-04-30,,2026-05-26,in_progress,major,Basel Site,Packaging,Packaging,Product A,BATCH-2026-039,EQ-014,,SOP-023,Production Owner 01,Synthetic packaging deviation: label reconciliation or line clearance issue.,line clearance,CAPA-014,False
DEV-042,2026-04-28,,2026-06-10,open,critical,Basel Site,Packaging,Packaging,Product A,BATCH-2026-022,EQ-014,,SOP-023,Packaging Owner 01,Synthetic packaging deviation: label reconciliation or line clearance issue.,line clearance,CAPA-014,False
DEV-043,2026-04-29,,2026-05-28,in_progress,major,Berlin Site,Packaging,Packaging,Product C,BATCH-2026-085,EQ-014,,SOP-023,QA Owner 01,Synthetic packaging deviation: label reconciliation or line clearance issue.,line clearance,CAPA-014,True
DEV-044,2026-04-28,,2026-06-04,open,major,Berlin Site,Packaging,Packaging,Product A,BATCH-2026-072,EQ-015,,SOP-065,Packaging Owner 01,Synthetic packaging deviation: label reconciliation or line clearance issue.,line clearance,,False
DEV-045,2026-04-30,,2026-05-21,in_progress,major,Berlin Site,Packaging,Packaging,Product A,BATCH-2026-047,EQ-006,,SOP-046,Packaging Owner 01,Synthetic packaging deviation: label reconciliation or line clearance issue.,manual check gap,CAPA-042,True
DEV-046,2026-04-27,,2026-05-20,open,minor,Basel Site,Packaging,Packaging,Product A,BATCH-2026-173,EQ-019,,SOP-044,QA Owner 01,Synthetic packaging deviation: label reconciliation or line clearance issue.,line clearance,CAPA-040,False
DEV-047,2026-04-30,,2026-05-28,in_progress,major,Basel Site,Packaging,Packaging,Product A,BATCH-2026-155,EQ-001,,SOP-092,QA Owner 01,Synthetic packaging deviation: label reconciliation or line clearance issue.,label reconciliation,CAPA-037,False
DEV-048,2026-04-28,,2026-05-20,in_progress,minor,Berlin Site,Packaging,Packaging,Product C,BATCH-2026-162,EQ-011,,SOP-022,Packaging Owner 01,Synthetic packaging deviation: label reconciliation or line clearance issue.,line clearance,,True
DEV-049,2026-04-30,,2026-06-07,in_progress,major,Basel Site,Packaging,Packaging,Product B,BATCH-2026-129,EQ-014,,SOP-056,QA Owner 01,Synthetic packaging deviation: label reconciliation or line clearance issue.,manual check gap,,True
DEV-050,2026-04-30,,2026-05-21,open,minor,Basel Site,Packaging,Packaging,Product C,BATCH-2026-026,EQ-011,,SOP-073,Packaging Owner 01,Synthetic packaging deviation: label reconciliation or line clearance issue.,manual check gap,,True
DEV-051,2026-04-27,,2026-06-03,in_progress,major,Berlin Site,Packaging,Packaging,Product B,BATCH-2026-103,EQ-009,,SOP-067,Packaging Owner 01,Synthetic packaging deviation: label reconciliation or line clearance issue.,label reconciliation,,True
DEV-052,2026-04-27,2026-06-04,2026-06-08,closed,minor,Berlin Site,Packaging,Packaging,Product A,BATCH-2026-071,EQ-019,,SOP-061,Packaging Owner 01,Synthetic packaging deviation: label reconciliation or line clearance issue.,label reconciliation,CAPA-017,True
DEV-053,2026-04-27,,2026-05-18,open,minor,Berlin Site,Packaging,Packaging,Product A,BATCH-2026-060,EQ-008,,SOP-078,QA Owner 01,Synthetic packaging deviation: label reconciliation or line clearance issue.,label reconciliation,,False
DEV-054,2026-04-29,,2026-05-23,in_progress,major,Basel Site,Packaging,Packaging,Product C,BATCH-2026-070,EQ-017,,SOP-100,Packaging Owner 01,Synthetic packaging deviation: label reconciliation or line clearance issue.,manual check gap,CAPA-056,True
DEV-055,2026-01-11,,2026-02-03,in_progress,critical,Basel Site,Production,Sterile Filling,Product C,BATCH-2026-082,EQ-013,,SOP-076,Production Owner 02,Synthetic sterile filling deviation: aseptic intervention or environmental monitoring concern.,aseptic intervention,,False
DEV-056,2026-03-07,,2026-04-04,in_progress,critical,Berlin Site,Production,Sterile Filling,Product C,BATCH-2026-129,EQ-001,,SOP-028,Production Owner 02,Synthetic sterile filling deviation: aseptic intervention or environmental monitoring concern.,procedural adherence,,False
DEV-057,2025-12-14,2026-01-22,2026-01-22,closed,major,Berlin Site,Production,Sterile Filling,Product B,BATCH-2026-153,EQ-012,,SOP-033,QA Owner 02,Synthetic sterile filling deviation: aseptic intervention or environmental monitoring concern.,procedural adherence,CAPA-004,False
DEV-058,2026-01-15,2026-02-08,2026-02-23,closed,major,Basel Site,Production,Sterile Filling,Product A,BATCH-2026-077,EQ-005,,SOP-066,Validation Owner 01,Synthetic sterile filling deviation: aseptic intervention or environmental monitoring concern.,procedural adherence,CAPA-035,False
DEV-059,2025-12-28,2026-01-09,2026-01-28,closed,critical,Berlin Site,Production,Sterile Filling,Product A,BATCH-2026-159,EQ-006,,SOP-023,Production Owner 02,Synthetic sterile filling deviation: aseptic intervention or environmental monitoring concern.,aseptic intervention,CAPA-049,True
DEV-060,2026-01-06,2026-02-03,2026-02-20,closed,critical,Berlin Site,Production,Sterile Filling,Product A,BATCH-2026-085,EQ-012,,SOP-036,QA Owner 02,Synthetic sterile filling deviation: aseptic intervention or environmental monitoring concern.,procedural adherence,,False
DEV-061,2026-03-16,,2026-04-23,open,critical,Berlin Site,Production,Sterile Filling,Product A,BATCH-2026-065,EQ-012,,SOP-014,Production Owner 02,Synthetic sterile filling deviation: aseptic intervention or environmental monitoring concern.,environmental monitoring,CAPA-021,False
DEV-062,2026-03-22,,2026-05-01,open,critical,Basel Site,Production,Sterile Filling,Product B,BATCH-2026-061,EQ-010,,SOP-029,Production Owner 02,Synthetic sterile filling deviation: aseptic intervention or environmental monitoring concern.,aseptic intervention,CAPA-036,False
DEV-063,2026-03-05,,2026-03-25,in_progress,major,Berlin Site,Production,Sterile Filling,Product A,BATCH-2026-085,EQ-006,,SOP-073,QA Owner 02,Synthetic sterile filling deviation: aseptic intervention or environmental monitoring concern.,aseptic intervention,CAPA-062,False
DEV-064,2026-04-22,,2026-05-24,in_progress,major,Basel Site,Production,Sterile Filling,Product B,BATCH-2026-115,EQ-016,,SOP-083,QA Owner 02,Synthetic sterile filling deviation: aseptic intervention or environmental monitoring concern.,procedural adherence,,False
DEV-065,2025-12-27,,2026-01-19,in_progress,critical,Berlin Site,Production,Sterile Filling,Product C,BATCH-2026-099,EQ-004,,SOP-080,Production Owner 02,Synthetic sterile filling deviation: aseptic intervention or environmental monitoring concern.,environmental monitoring,CAPA-050,False
DEV-066,2026-03-24,,2026-05-04,in_progress,major,Berlin Site,Production,Sterile Filling,Product C,BATCH-2026-165,EQ-015,,SOP-061,QA Owner 02,Synthetic sterile filling deviation: aseptic intervention or environmental monitoring concern.,environmental monitoring,,False
DEV-067,2025-12-23,,2026-01-26,open,critical,Basel Site,Production,Sterile Filling,Product B,BATCH-2026-048,EQ-008,,SOP-035,QA Owner 02,Synthetic sterile filling deviation: aseptic intervention or environmental monitoring concern.,environmental monitoring,,False
DEV-068,2025-11-15,2025-12-05,2025-12-16,closed,critical,Berlin Site,Production,Sterile Filling,Product C,BATCH-2026-138,EQ-006,,SOP-052,Validation Owner 01,Synthetic sterile filling deviation: aseptic intervention or environmental monitoring concern.,procedural adherence,,False
DEV-069,2025-11-21,2025-12-29,2025-12-30,closed,major,Basel Site,Production,Sterile Filling,Product B,BATCH-2026-162,EQ-006,,SOP-040,Validation Owner 01,Synthetic sterile filling deviation: aseptic intervention or environmental monitoring concern.,environmental monitoring,,False
DEV-070,2026-02-09,,2026-03-02,in_progress,critical,Berlin Site,Production,Sterile Filling,Product B,BATCH-2026-061,EQ-009,,SOP-084,QA Owner 02,Synthetic sterile filling deviation: aseptic intervention or environmental monitoring concern.,aseptic intervention,,False
DEV-071,2025-11-29,,2025-12-22,in_progress,major,Berlin Site,Production,Sterile Filling,Product A,BATCH-2026-022,EQ-004,,SOP-035,QA Owner 02,Synthetic sterile filling deviation: aseptic intervention or environmental monitoring concern.,environmental monitoring,,False
DEV-072,2025-11-08,,2025-12-21,open,major,Basel Site,Production,Sterile Filling,Product A,BATCH-2026-094,EQ-004,,SOP-021,Validation Owner 01,Synthetic sterile filling deviation: aseptic intervention or environmental monitoring concern.,aseptic intervention,CAPA-007,False
DEV-073,2026-01-19,2026-02-08,2026-02-13,closed,major,Berlin Site,Production,Sterile Filling,Product C,BATCH-2026-161,EQ-009,,SOP-064,Validation Owner 01,Synthetic sterile filling deviation: aseptic intervention or environmental monitoring concern.,aseptic intervention,CAPA-026,True
DEV-074,2026-04-11,2026-04-23,2026-05-09,closed,major,Berlin Site,Production,Sterile Filling,Product A,BATCH-2026-175,EQ-007,,SOP-098,Validation Owner 01,Synthetic sterile filling deviation: aseptic intervention or environmental monitoring concern.,environmental monitoring,,True
DEV-075,2026-02-17,,2026-03-31,in_progress,critical,Basel Site,Production,Sterile Filling,Product B,BATCH-2026-029,EQ-015,,SOP-002,Validation Owner 01,Synthetic sterile filling deviation: aseptic intervention or environmental monitoring concern.,aseptic intervention,,False
DEV-076,2026-02-03,2026-02-16,2026-03-11,closed,major,Berlin Site,Production,Sterile Filling,Product A,BATCH-2026-138,EQ-003,,SOP-038,QA Owner 02,Synthetic sterile filling deviation: aseptic intervention or environmental monitoring concern.,procedural adherence,CAPA-060,False
DEV-077,2026-02-22,2026-03-17,2026-03-31,closed,major,Berlin Site,Production,Sterile Filling,Product A,BATCH-2026-024,EQ-007,,SOP-004,Production Owner 02,Synthetic sterile filling deviation: aseptic intervention or environmental monitoring concern.,environmental monitoring,CAPA-018,False
DEV-078,2025-12-19,,2026-01-20,in_progress,major,Basel Site,Production,Sterile Filling,Product A,BATCH-2026-013,EQ-007,,SOP-048,QA Owner 02,Synthetic sterile filling deviation: aseptic intervention or environmental monitoring concern.,aseptic intervention,,False
DEV-079,2026-01-10,2026-02-15,2026-02-08,closed,major,Berlin Site,QC Lab,QC Release Testing,Product C,BATCH-2026-062,EQ-017,,SOP-092,QC Owner 02,Synthetic QC Lab OOS-related deviation for release testing trend review.,instrument issue,CAPA-048,True
DEV-080,2026-02-10,2026-02-24,2026-03-02,closed,major,Berlin Site,QC Lab,QC Release Testing,Product A,BATCH-2026-176,EQ-018,,SOP-024,QC Owner 02,Synthetic QC Lab OOT-related deviation for release testing trend review.,analytical method,CAPA-019,True
DEV-081,2025-10-14,,2025-11-15,in_progress,minor,Basel Site,QC Lab,QC Release Testing,Product B,BATCH-2026-173,EQ-003,,SOP-094,QC Owner 01,Synthetic QC Lab OOS-related deviation for release testing trend review.,sample handling,,True
DEV-082,2026-02-24,2026-03-20,2026-03-22,closed,major,Berlin Site,QC Lab,QC Release Testing,Product C,BATCH-2026-115,EQ-010,,SOP-060,QA Owner 01,Synthetic QC Lab OOT-related deviation for release testing trend review.,analytical method,,True
DEV-083,2025-11-30,2026-01-07,2026-01-13,closed,minor,Basel Site,QC Lab,QC Release Testing,Product C,BATCH-2026-017,EQ-018,,SOP-080,QC Owner 01,Synthetic QC Lab OOS-related deviation for release testing trend review.,analytical method,CAPA-018,True
DEV-084,2025-10-17,2025-11-02,2025-11-16,closed,minor,Berlin Site,QC Lab,QC Release Testing,Product C,BATCH-2026-089,EQ-006,,SOP-026,QA Owner 01,Synthetic QC Lab OOT-related deviation for release testing trend review.,sample handling,,True
DEV-085,2025-10-10,2025-10-30,2025-11-20,closed,major,Berlin Site,QC Lab,QC Release Testing,Product A,BATCH-2026-147,EQ-020,,SOP-054,QC Owner 02,Synthetic QC Lab OOS-related deviation for release testing trend review.,analytical method,,True
DEV-086,2025-11-01,2025-12-08,2025-12-15,closed,minor,Berlin Site,QC Lab,QC Release Testing,Product C,BATCH-2026-080,EQ-002,,SOP-059,QC Owner 01,Synthetic QC Lab OOT-related deviation for release testing trend review.,instrument issue,,True
DEV-087,2026-02-23,,2026-03-17,open,minor,Basel Site,QC Lab,QC Release Testing,Product B,BATCH-2026-012,EQ-002,,SOP-007,QC Owner 01,Synthetic QC Lab OOS-related deviation for release testing trend review.,analytical method,,True
DEV-088,2025-10-19,,2025-11-29,open,major,Basel Site,QC Lab,QC Release Testing,Product C,BATCH-2026-092,EQ-005,,SOP-061,QC Owner 02,Synthetic QC Lab OOT-related deviation for release testing trend review.,analytical method,CAPA-012,True
DEV-089,2025-11-14,2025-12-27,2025-12-25,closed,major,Basel Site,QC Lab,QC Release Testing,Product C,BATCH-2026-113,EQ-009,,SOP-071,QC Owner 02,Synthetic QC Lab OOS-related deviation for release testing trend review.,instrument issue,,True
DEV-090,2025-11-17,,2025-12-13,in_progress,major,Berlin Site,QC Lab,QC Release Testing,Product A,BATCH-2026-039,EQ-010,,SOP-098,QC Owner 02,Synthetic QC Lab OOT-related deviation for release testing trend review.,instrument issue,,True
DEV-091,2026-04-05,,2026-05-02,in_progress,minor,Berlin Site,QC Lab,QC Release Testing,Product A,BATCH-2026-101,EQ-007,,SOP-048,QC Owner 02,Synthetic QC Lab OOS-related deviation for release testing trend review.,analytical method,,True
DEV-092,2025-12-23,2025-12-29,2026-01-29,closed,minor,Berlin Site,QC Lab,QC Release Testing,Product A,BATCH-2026-003,EQ-011,,SOP-018,QA Owner 01,Synthetic QC Lab OOT-related deviation for release testing trend review.,instrument issue,,True
DEV-093,2026-03-28,,2026-04-27,in_progress,major,Basel Site,QC Lab,QC Release Testing,Product C,BATCH-2026-123,EQ-017,,SOP-001,QC Owner 01,Synthetic QC Lab OOS-related deviation for release testing trend review.,analytical method,,True
DEV-094,2025-12-21,2026-01-25,2026-01-22,closed,major,Berlin Site,QC Lab,QC Release Testing,Product A,BATCH-2026-101,EQ-017,,SOP-065,QC Owner 02,Synthetic QC Lab OOT-related deviation for release testing trend review.,instrument issue,,True
DEV-095,2026-02-23,2026-03-22,2026-03-19,closed,major,Basel Site,QC Lab,QC Release Testing,Product C,BATCH-2026-170,EQ-020,,SOP-034,QA Owner 01,Synthetic QC Lab OOS-related deviation for release testing trend review.,instrument issue,CAPA-076,True
DEV-096,2026-02-24,2026-03-02,2026-03-18,closed,major,Berlin Site,QC Lab,QC Release Testing,Product A,BATCH-2026-079,EQ-017,,SOP-061,QC Owner 02,Synthetic QC Lab OOT-related deviation for release testing trend review.,instrument issue,CAPA-024,True
DEV-097,2025-12-29,2026-02-07,2026-02-09,closed,critical,Basel Site,QC Lab,QC Release Testing,Product A,BATCH-2026-043,EQ-007,,SOP-091,QC Owner 01,Synthetic QC Lab OOS-related deviation for release testing trend review.,analytical method,,True
DEV-098,2026-02-06,2026-03-08,2026-02-27,closed,major,Berlin Site,QC Lab,QC Release Testing,Product C,BATCH-2026-050,EQ-017,,SOP-007,QC Owner 01,Synthetic QC Lab OOT-related deviation for release testing trend review.,sample handling,CAPA-063,True
DEV-099,2026-01-20,2026-02-04,2026-02-21,closed,major,Basel Site,QC Lab,QC Release Testing,Product A,BATCH-2026-041,EQ-018,,SOP-021,QC Owner 01,Synthetic QC Lab OOS-related deviation for release testing trend review.,instrument issue,,True
DEV-100,2026-02-13,2026-02-28,2026-03-11,closed,major,Berlin Site,QC Lab,QC Release Testing,Product C,BATCH-2026-147,EQ-016,,SOP-084,QA Owner 01,Synthetic QC Lab OOT-related deviation for release testing trend review.,instrument issue,CAPA-002,True
DEV-101,2026-02-18,2026-03-14,2026-04-01,closed,minor,Basel Site,QC Lab,QC Release Testing,Product B,BATCH-2026-037,EQ-008,,SOP-017,QC Owner 01,Synthetic QC Lab OOS-related deviation for release testing trend review.,analytical method,,True
DEV-102,2025-12-24,2026-01-27,2026-02-07,closed,critical,Basel Site,QC Lab,QC Release Testing,Product A,BATCH-2026-066,EQ-008,,SOP-076,QC Owner 02,Synthetic QC Lab OOT-related deviation for release testing trend review.,instrument issue,CAPA-002,True
DEV-103,2025-10-01,,2025-10-27,in_progress,minor,Berlin Site,QC Lab,QC Release Testing,Product A,BATCH-2026-130,EQ-004,,SOP-097,QA Owner 01,Synthetic QC Lab OOS-related deviation for release testing trend review.,analytical method,CAPA-031,True
DEV-104,2025-10-08,2025-11-11,2025-11-17,closed,critical,Basel Site,QC Lab,QC Release Testing,Product C,BATCH-2026-043,EQ-001,,SOP-091,QC Owner 01,Synthetic QC Lab OOT-related deviation for release testing trend review.,analytical method,CAPA-054,True
DEV-105,2026-02-14,2026-03-04,2026-03-31,closed,major,Basel Site,QC Lab,QC Release Testing,Product B,BATCH-2026-054,EQ-017,,SOP-085,QC Owner 02,Synthetic QC Lab OOS-related deviation for release testing trend review.,instrument issue,CAPA-032,True
DEV-106,2026-01-11,2026-02-08,2026-02-06,closed,critical,Basel Site,QC Lab,QC Release Testing,Product C,BATCH-2026-097,EQ-013,,SOP-067,QA Owner 01,Synthetic QC Lab OOT-related deviation for release testing trend review.,analytical method,,True
DEV-107,2026-02-16,2026-03-14,2026-03-27,closed,minor,Berlin Site,QC Lab,QC Release Testing,Product A,BATCH-2026-171,EQ-015,,SOP-049,QA Owner 01,Synthetic QC Lab OOS-related deviation for release testing trend review.,analytical method,CAPA-025,True
DEV-108,2026-02-26,2026-03-05,2026-04-06,closed,major,Basel Site,QC Lab,QC Release Testing,Product C,BATCH-2026-073,EQ-002,,SOP-100,QC Owner 01,Synthetic QC Lab OOT-related deviation for release testing trend review.,analytical method,,True
DEV-109,2026-02-04,2026-03-12,2026-03-03,closed,minor,Berlin Site,QC Lab,QC Release Testing,Product A,BATCH-2026-100,EQ-014,,SOP-096,QC Owner 01,Synthetic QC Lab OOS-related deviation for release testing trend review.,sample handling,CAPA-012,True
DEV-110,2025-11-29,2026-01-03,2026-01-01,closed,major,Basel Site,QC Lab,QC Release Testing,Product A,BATCH-2026-137,EQ-004,,SOP-063,QC Owner 02,Synthetic QC Lab OOT-related deviation for release testing trend review.,sample handling,,True
DEV-111,2025-10-06,,2025-11-08,in_progress,major,Berlin Site,QC Lab,QC Release Testing,Product C,BATCH-2026-057,EQ-001,,SOP-049,QC Owner 01,Synthetic QC Lab OOS-related deviation for release testing trend review.,instrument issue,,True
DEV-112,2025-11-07,2025-12-04,2025-11-29,closed,major,Basel Site,QC Lab,QC Release Testing,Product B,BATCH-2026-074,EQ-020,,SOP-084,QC Owner 02,Synthetic QC Lab OOT-related deviation for release testing trend review.,sample handling,,True
DEV-113,2025-10-06,2025-10-15,2025-11-13,closed,major,Basel Site,QC Lab,QC Release Testing,Product A,BATCH-2026-089,EQ-016,,SOP-085,QC Owner 01,Synthetic QC Lab OOS-related deviation for release testing trend review.,analytical method,,True
DEV-114,2025-09-29,2025-10-29,2025-10-19,closed,critical,Basel Site,QC Lab,QC Release Testing,Product A,BATCH-2026-177,EQ-015,,SOP-072,QA Owner 01,Synthetic QC Lab OOT-related deviation for release testing trend review.,instrument issue,,True
DEV-115,2025-10-20,2025-10-31,2025-12-02,closed,minor,Basel Site,QC Lab,QC Release Testing,Product A,BATCH-2026-126,EQ-002,,SOP-003,QA Owner 01,Synthetic QC Lab OOS-related deviation for release testing trend review.,sample handling,CAPA-031,True
DEV-116,2026-02-02,,2026-03-13,in_progress,major,Basel Site,QC Lab,QC Release Testing,Product A,BATCH-2026-082,EQ-002,,SOP-047,QC Owner 02,Synthetic QC Lab OOT-related deviation for release testing trend review.,analytical method,CAPA-042,True
DEV-117,2025-10-23,2025-11-28,2025-11-30,closed,minor,Berlin Site,QC Lab,QC Release Testing,Product B,BATCH-2026-050,EQ-002,,SOP-085,QA Owner 01,Synthetic QC Lab OOS-related deviation for release testing trend review.,instrument issue,,True
DEV-118,2026-03-01,2026-03-07,2026-04-01,closed,major,Berlin Site,QC Lab,QC Release Testing,Product A,BATCH-2026-162,EQ-009,,SOP-074,QC Owner 01,Synthetic QC Lab OOT-related deviation for release testing trend review.,instrument issue,,True
DEV-119,2025-12-31,2026-01-06,2026-01-29,closed,critical,Basel Site,QC Lab,QC Release Testing,Product B,BATCH-2026-146,EQ-005,,SOP-039,QC Owner 01,Synthetic QC Lab OOS-related deviation for release testing trend review.,analytical method,,True
DEV-120,2025-09-24,,2025-10-18,in_progress,major,Basel Site,QC Lab,QC Release Testing,Product C,BATCH-2026-082,EQ-008,,SOP-086,QC Owner 02,Synthetic QC Lab OOT-related deviation for release testing trend review.,analytical method,,True
DEV-121,2026-04-10,,2026-05-23,in_progress,major,Berlin Site,QC Lab,QC Release Testing,Product B,BATCH-2026-166,EQ-012,,SOP-085,QC Owner 01,Synthetic QC Lab OOS-related deviation for release testing trend review.,sample handling,CAPA-064,True
DEV-122,2025-11-16,2025-12-09,2025-12-29,closed,major,Basel Site,QC Lab,QC Release Testing,Product A,BATCH-2026-037,EQ-012,,SOP-007,QC Owner 01,Synthetic QC Lab OOT-related deviation for release testing trend review.,sample handling,,True
DEV-123,2025-12-23,,2026-01-20,in_progress,major,Berlin Site,QC Lab,QC Release Testing,Product C,BATCH-2026-130,EQ-005,,SOP-083,QC Owner 02,Synthetic QC Lab OOS-related deviation for release testing trend review.,analytical method,,True
DEV-124,2025-05-01,2025-05-07,2025-05-25,closed,minor,Basel Site,Production,Weighing,Product C,BATCH-2026-179,EQ-004,,SOP-054,Validation Owner 01,Synthetic weighing deviation requiring documented QA review.,documentation gap,,False
DEV-125,2025-08-15,2025-09-11,2025-09-22,closed,major,Berlin Site,Production,Granulation,Product A,BATCH-2026-022,EQ-010,,SOP-036,QA Owner 01,Synthetic granulation deviation requiring documented QA review.,supplier documentation,,False
DEV-126,2025-11-05,2025-11-27,2025-12-11,closed,minor,Basel Site,Engineering,Equipment Maintenance,Product B,BATCH-2026-037,EQ-012,,SOP-087,QA Owner 02,Synthetic equipment maintenance deviation requiring documented QA review.,SOP interpretation,,False
DEV-127,2026-01-19,,2026-02-23,in_progress,major,Berlin Site,Production,Cleaning,Product A,BATCH-2026-043,EQ-004,,SOP-044,Production Owner 01,Synthetic cleaning deviation requiring documented QA review.,supplier documentation,,False
DEV-128,2025-05-08,2025-05-23,2025-06-10,closed,major,Basel Site,Engineering,Equipment Maintenance,Product C,BATCH-2026-074,EQ-004,,SOP-062,Engineering Owner 01,Synthetic equipment maintenance deviation requiring documented QA review.,SOP interpretation,CAPA-055,False
DEV-129,2026-01-15,2026-01-28,2026-02-05,closed,major,Basel Site,Production,Cleaning,Product A,BATCH-2026-077,EQ-005,,SOP-066,QA Owner 01,Synthetic cleaning deviation requiring documented QA review.,SOP interpretation,,True
DEV-130,2026-01-27,,2026-02-20,open,minor,Berlin Site,Production,Granulation,Product C,BATCH-2026-027,EQ-003,,SOP-019,QA Owner 01,Synthetic granulation deviation requiring documented QA review.,equipment setup,,False
DEV-131,2025-09-08,,2025-10-03,open,major,Berlin Site,Production,Granulation,Product A,BATCH-2026-095,EQ-017,,SOP-080,Validation Owner 01,Synthetic granulation deviation requiring documented QA review.,SOP interpretation,CAPA-066,True
DEV-132,2025-12-02,,2025-12-26,in_progress,minor,Berlin Site,Production,Granulation,Product A,BATCH-2026-128,EQ-015,,SOP-037,Validation Owner 01,Synthetic granulation deviation requiring documented QA review.,supplier documentation,CAPA-071,False
DEV-133,2025-08-20,2025-09-02,2025-09-27,closed,minor,Berlin Site,Engineering,Equipment Maintenance,Product A,BATCH-2026-084,EQ-001,,SOP-010,Packaging Owner 01,Synthetic equipment maintenance deviation requiring documented QA review.,SOP interpretation,CAPA-006,False
DEV-134,2025-05-21,2025-06-16,2025-06-23,closed,minor,Basel Site,Production,Cleaning,Product C,BATCH-2026-084,EQ-007,,SOP-043,Engineering Owner 01,Synthetic cleaning deviation requiring documented QA review.,documentation gap,,False
DEV-135,2025-06-10,,2025-06-30,in_progress,minor,Basel Site,Engineering,Equipment Maintenance,Product A,BATCH-2026-113,EQ-019,,SOP-070,Supplier Quality Owner 01,Synthetic equipment maintenance deviation requiring documented QA review.,equipment setup,CAPA-017,True
DEV-136,2025-06-27,,2025-08-11,in_progress,critical,Basel Site,Production,Cleaning,Product A,BATCH-2026-088,EQ-020,,SOP-071,Production Owner 01,Synthetic cleaning deviation requiring documented QA review.,documentation gap,,False
DEV-137,2025-06-11,,2025-07-12,open,minor,Basel Site,QA Operations,Supplier Qualification,Product C,BATCH-2026-021,,SUP-007,SOP-064,QA Owner 02,Synthetic supplier qualification deviation requiring documented QA review.,supplier documentation,,False
DEV-138,2025-10-09,2025-11-20,2025-11-08,closed,minor,Berlin Site,Engineering,Equipment Maintenance,Product A,BATCH-2026-099,EQ-017,,SOP-041,QA Owner 02,Synthetic equipment maintenance deviation requiring documented QA review.,documentation gap,CAPA-043,False
DEV-139,2025-05-28,2025-07-04,2025-07-02,closed,major,Basel Site,Production,Cleaning,Product A,BATCH-2026-067,EQ-008,,SOP-099,QA Owner 02,Synthetic cleaning deviation requiring documented QA review.,supplier documentation,,False
DEV-140,2026-02-01,,2026-02-24,in_progress,major,Basel Site,Production,Weighing,Product C,BATCH-2026-115,EQ-007,,SOP-079,Packaging Owner 01,Synthetic weighing deviation requiring documented QA review.,equipment setup,,False
DEV-141,2026-02-05,2026-03-11,2026-03-06,closed,major,Basel Site,Production,Granulation,Product C,BATCH-2026-042,EQ-006,,SOP-067,Packaging Owner 01,Synthetic granulation deviation requiring documented QA review.,supplier documentation,,False
DEV-142,2025-07-21,2025-07-27,2025-09-01,closed,minor,Basel Site,QA Operations,Supplier Qualification,Product A,BATCH-2026-154,,SUP-005,SOP-073,QA Owner 01,Synthetic supplier qualification deviation requiring documented QA review.,SOP interpretation,CAPA-019,False
DEV-143,2026-02-03,,2026-03-14,in_progress,major,Berlin Site,Production,Granulation,Product C,BATCH-2026-036,EQ-013,,SOP-047,QA Owner 01,Synthetic granulation deviation requiring documented QA review.,supplier documentation,,False
DEV-144,2025-11-29,,2026-01-04,in_progress,major,Basel Site,Production,Granulation,Product C,BATCH-2026-028,EQ-001,,SOP-074,QA Owner 02,Synthetic granulation deviation requiring documented QA review.,supplier documentation,CAPA-038,True
DEV-145,2025-05-23,2025-06-13,2025-06-30,closed,minor,Basel Site,Production,Weighing,Product C,BATCH-2026-173,EQ-010,,SOP-028,Production Owner 01,Synthetic weighing deviation requiring documented QA review.,equipment setup,,True
DEV-146,2025-07-30,2025-08-26,2025-09-12,closed,minor,Basel Site,QA Operations,Supplier Qualification,Product B,BATCH-2026-022,,SUP-001,SOP-051,Packaging Owner 01,Synthetic supplier qualification deviation requiring documented QA review.,SOP interpretation,,False
DEV-147,2025-08-12,2025-09-02,2025-09-24,closed,minor,Berlin Site,Production,Weighing,Product B,BATCH-2026-124,EQ-008,,SOP-022,Packaging Owner 01,Synthetic weighing deviation requiring documented QA review.,supplier documentation,CAPA-077,False
DEV-148,2025-10-06,,2025-11-20,open,minor,Basel Site,Production,Weighing,Product B,BATCH-2026-005,EQ-001,,SOP-013,QA Owner 02,Synthetic weighing deviation requiring documented QA review.,equipment setup,CAPA-069,False
DEV-149,2026-01-04,,2026-01-25,in_progress,minor,Berlin Site,Production,Weighing,Product C,BATCH-2026-036,EQ-003,,SOP-077,Production Owner 02,Synthetic weighing deviation requiring documented QA review.,SOP interpretation,,False
DEV-150,2025-05-11,2025-06-11,2025-06-12,closed,major,Basel Site,Engineering,Equipment Maintenance,Product A,BATCH-2026-167,EQ-007,,SOP-071,Supplier Quality Owner 01,Synthetic equipment maintenance deviation requiring documented QA review.,SOP interpretation,,False
DEV-151,2025-07-20,2025-08-17,2025-08-28,closed,major,Berlin Site,Production,Weighing,Product C,BATCH-2026-177,EQ-009,,SOP-078,Production Owner 01,Synthetic weighing deviation requiring documented QA review.,supplier documentation,CAPA-013,False
DEV-152,2025-08-26,,2025-10-03,open,major,Berlin Site,Production,Granulation,Product C,BATCH-2026-083,EQ-012,,SOP-009,Warehouse Owner 01,Synthetic granulation deviation requiring documented QA review.,equipment setup,CAPA-011,True
DEV-153,2026-01-08,,2026-02-03,in_progress,major,Berlin Site,Production,Cleaning,Product B,BATCH-2026-060,EQ-020,,SOP-064,Packaging Owner 01,Synthetic cleaning deviation requiring documented QA review.,supplier documentation,,False
DEV-154,2025-05-01,,2025-05-26,in_progress,minor,Berlin Site,Engineering,Equipment Maintenance,Product B,BATCH-2026-009,EQ-001,,SOP-022,Packaging Owner 01,Synthetic equipment maintenance deviation requiring documented QA review.,supplier documentation,,False
DEV-155,2025-12-11,,2026-01-06,in_progress,minor,Berlin Site,Production,Weighing,Product C,BATCH-2026-135,EQ-017,,SOP-071,Packaging Owner 01,Synthetic weighing deviation requiring documented QA review.,supplier documentation,CAPA-028,False
DEV-156,2025-12-11,2025-12-30,2026-01-03,closed,minor,Basel Site,Production,Granulation,Product A,BATCH-2026-172,EQ-007,,SOP-012,QA Owner 01,Synthetic granulation deviation requiring documented QA review.,equipment setup,,True
DEV-157,2025-12-31,,2026-02-05,in_progress,major,Basel Site,Engineering,Equipment Maintenance,Product C,BATCH-2026-026,EQ-006,,SOP-005,QA Owner 02,Synthetic equipment maintenance deviation requiring documented QA review.,SOP interpretation,CAPA-031,False
DEV-158,2025-07-02,,2025-07-25,in_progress,minor,Basel Site,QA Operations,Supplier Qualification,Product A,BATCH-2026-140,,SUP-012,SOP-006,QA Owner 02,Synthetic supplier qualification deviation requiring documented QA review.,SOP interpretation,CAPA-023,False
DEV-159,2026-01-02,,2026-01-26,in_progress,minor,Berlin Site,Engineering,Equipment Maintenance,Product B,BATCH-2026-013,EQ-006,,SOP-094,Packaging Owner 01,Synthetic equipment maintenance deviation requiring documented QA review.,documentation gap,,False
DEV-160,2026-02-14,2026-03-04,2026-03-15,closed,minor,Basel Site,QA Operations,Supplier Qualification,Product C,BATCH-2026-062,,SUP-005,SOP-032,Engineering Owner 01,Synthetic supplier qualification deviation requiring documented QA review.,supplier documentation,,False
DEV-161,2025-06-30,2025-07-21,2025-08-09,closed,minor,Basel Site,Production,Weighing,Product C,BATCH-2026-115,EQ-014,,SOP-015,Supplier Quality Owner 01,Synthetic weighing deviation requiring documented QA review.,supplier documentation,,False
DEV-162,2025-08-20,2025-09-23,2025-09-19,closed,critical,Berlin Site,Production,Weighing,Product A,BATCH-2026-175,EQ-019,,SOP-078,QA Owner 02,Synthetic weighing deviation requiring documented QA review.,SOP interpretation,CAPA-014,False
DEV-163,2025-05-11,2025-05-16,2025-06-21,closed,minor,Berlin Site,Production,Weighing,Product A,BATCH-2026-073,EQ-010,,SOP-088,Validation Owner 01,Synthetic weighing deviation requiring documented QA review.,documentation gap,,True
DEV-164,2025-05-05,2025-06-17,2025-06-19,closed,minor,Basel Site,Engineering,Equipment Maintenance,Product A,BATCH-2026-116,EQ-001,,SOP-092,Production Owner 02,Synthetic equipment maintenance deviation requiring documented QA review.,supplier documentation,,False
DEV-165,2025-09-05,,2025-09-26,in_progress,minor,Berlin Site,QA Operations,Supplier Qualification,Product C,BATCH-2026-093,,SUP-006,SOP-069,Packaging Owner 01,Synthetic supplier qualification deviation requiring documented QA review.,equipment setup,,False
DEV-166,2026-02-25,,2026-03-22,in_progress,minor,Basel Site,Production,Weighing,Product C,BATCH-2026-152,EQ-010,,SOP-058,QA Owner 01,Synthetic weighing deviation requiring documented QA review.,SOP interpretation,,False
DEV-167,2026-02-02,2026-02-18,2026-03-10,closed,major,Berlin Site,Production,Cleaning,Product A,BATCH-2026-127,EQ-002,,SOP-066,QA Owner 02,Synthetic cleaning deviation requiring documented QA review.,equipment setup,,False
DEV-168,2025-06-06,2025-06-18,2025-06-26,closed,major,Berlin Site,Engineering,Equipment Maintenance,Product A,BATCH-2026-011,EQ-007,,SOP-001,Packaging Owner 01,Synthetic equipment maintenance deviation requiring documented QA review.,SOP interpretation,,True
DEV-169,2025-10-02,2025-11-02,2025-11-05,closed,major,Basel Site,Engineering,Equipment Maintenance,Product C,BATCH-2026-014,EQ-007,,SOP-081,Validation Owner 01,Synthetic equipment maintenance deviation requiring documented QA review.,documentation gap,CAPA-045,False
DEV-170,2025-05-21,2025-06-13,2025-06-12,closed,minor,Basel Site,Production,Granulation,Product A,BATCH-2026-072,EQ-005,,SOP-081,QA Owner 01,Synthetic granulation deviation requiring documented QA review.,documentation gap,,False
DEV-171,2025-06-01,2025-06-25,2025-07-13,closed,major,Berlin Site,Engineering,Equipment Maintenance,Product A,BATCH-2026-109,EQ-010,,SOP-049,QA Owner 01,Synthetic equipment maintenance deviation requiring documented QA review.,equipment setup,,False
DEV-172,2025-05-09,2025-06-14,2025-06-17,closed,minor,Basel Site,Engineering,Equipment Maintenance,Product C,BATCH-2026-076,EQ-016,,SOP-046,Production Owner 02,Synthetic equipment maintenance deviation requiring documented QA review.,equipment setup,,False
DEV-173,2025-12-19,2026-01-01,2026-01-20,closed,major,Berlin Site,Production,Cleaning,Product A,BATCH-2026-120,EQ-016,,SOP-008,Packaging Owner 01,Synthetic cleaning deviation requiring documented QA review.,SOP interpretation,CAPA-012,False
DEV-174,2026-03-07,2026-04-19,2026-04-11,closed,critical,Basel Site,Production,Cleaning,Product C,BATCH-2026-099,EQ-016,,SOP-039,QA Owner 02,Synthetic cleaning deviation requiring documented QA review.,documentation gap,,True
DEV-175,2026-01-18,2026-03-04,2026-03-04,closed,minor,Berlin Site,Production,Weighing,Product A,BATCH-2026-127,EQ-015,,SOP-052,Validation Owner 01,Synthetic weighing deviation requiring documented QA review.,supplier documentation,,False
DEV-176,2025-07-03,,2025-08-16,in_progress,critical,Basel Site,Engineering,Equipment Maintenance,Product A,BATCH-2026-071,EQ-020,,SOP-029,QA Owner 02,Synthetic equipment maintenance deviation requiring documented QA review.,equipment setup,,False
DEV-177,2025-08-24,,2025-10-05,in_progress,major,Basel Site,Production,Cleaning,Product B,BATCH-2026-041,EQ-011,,SOP-080,QA Owner 02,Synthetic cleaning deviation requiring documented QA review.,documentation gap,CAPA-066,False
DEV-178,2025-12-27,2026-02-02,2026-01-19,closed,minor,Berlin Site,QA Operations,Supplier Qualification,Product B,BATCH-2026-005,,SUP-001,SOP-036,Production Owner 02,Synthetic supplier qualification deviation requiring documented QA review.,supplier documentation,CAPA-054,False
DEV-179,2026-02-28,2026-03-14,2026-03-21,closed,minor,Basel Site,Engineering,Equipment Maintenance,Product A,BATCH-2026-030,EQ-002,,SOP-042,QA Owner 02,Synthetic equipment maintenance deviation requiring documented QA review.,equipment setup,,True
DEV-180,2025-05-30,2025-06-29,2025-07-14,closed,minor,Basel Site,Production,Cleaning,Product A,BATCH-2026-007,EQ-003,,SOP-082,QA Owner 01,Synthetic cleaning deviation requiring documented QA review.,documentation gap,CAPA-021,False
DEV-181,2025-05-05,,2025-06-09,in_progress,major,Basel Site,Engineering,Equipment Maintenance,Product C,BATCH-2026-066,EQ-014,,SOP-005,Production Owner 02,Synthetic equipment maintenance deviation requiring documented QA review.,supplier documentation,CAPA-021,False
DEV-182,2025-05-17,,2025-06-28,in_progress,major,Basel Site,Production,Cleaning,Product C,BATCH-2026-030,EQ-018,,SOP-094,Packaging Owner 01,Synthetic cleaning deviation requiring documented QA review.,supplier documentation,CAPA-080,False
DEV-183,2026-02-12,,2026-03-29,in_progress,minor,Berlin Site,Engineering,Equipment Maintenance,Product C,BATCH-2026-152,EQ-015,,SOP-088,QA Owner 01,Synthetic equipment maintenance deviation requiring documented QA review.,SOP interpretation,CAPA-053,False
DEV-184,2025-05-23,2025-07-06,2025-06-26,closed,minor,Basel Site,Production,Cleaning,Product B,BATCH-2026-038,EQ-001,,SOP-086,Packaging Owner 01,Synthetic cleaning deviation requiring documented QA review.,documentation gap,CAPA-061,False
DEV-185,2026-02-27,,2026-04-02,open,minor,Basel Site,QA Operations,Supplier Qualification,Product A,BATCH-2026-100,,SUP-007,SOP-065,Packaging Owner 01,Synthetic supplier qualification deviation requiring documented QA review.,supplier documentation,,False
DEV-186,2025-12-25,2026-01-26,2026-01-31,closed,minor,Berlin Site,Engineering,Equipment Maintenance,Product A,BATCH-2026-007,EQ-006,,SOP-030,QA Owner 02,Synthetic equipment maintenance deviation requiring documented QA review.,documentation gap,,True
DEV-187,2025-09-11,,2025-10-25,in_progress,major,Berlin Site,Production,Granulation,Product A,BATCH-2026-027,EQ-019,,SOP-008,QA Owner 02,Synthetic granulation deviation requiring documented QA review.,documentation gap,,False
DEV-188,2026-02-08,2026-02-22,2026-02-28,closed,minor,Berlin Site,QA Operations,Supplier Qualification,Product B,BATCH-2026-063,,SUP-008,SOP-093,Production Owner 01,Synthetic supplier qualification deviation requiring documented QA review.,SOP interpretation,,True
DEV-189,2025-08-27,2025-10-02,2025-09-28,closed,major,Berlin Site,Production,Granulation,Product B,BATCH-2026-071,EQ-011,,SOP-059,Supplier Quality Owner 01,Synthetic granulation deviation requiring documented QA review.,documentation gap,CAPA-004,False
DEV-190,2025-09-17,,2025-10-22,open,minor,Berlin Site,Engineering,Equipment Maintenance,Product B,BATCH-2026-111,EQ-012,,SOP-077,Packaging Owner 01,Synthetic equipment maintenance deviation requiring documented QA review.,SOP interpretation,,False
DEV-191,2025-12-03,2025-12-15,2026-01-09,closed,major,Basel Site,Production,Cleaning,Product C,BATCH-2026-094,EQ-012,,SOP-035,QA Owner 02,Synthetic cleaning deviation requiring documented QA review.,equipment setup,CAPA-044,False
DEV-192,2026-02-16,2026-03-20,2026-03-12,closed,minor,Berlin Site,Production,Cleaning,Product A,BATCH-2026-154,EQ-019,,SOP-049,QA Owner 01,Synthetic cleaning deviation requiring documented QA review.,documentation gap,,False
DEV-193,2025-08-16,2025-09-01,2025-09-30,closed,critical,Berlin Site,Engineering,Equipment Maintenance,Product B,BATCH-2026-174,EQ-006,,SOP-037,QA Owner 02,Synthetic equipment maintenance deviation requiring documented QA review.,equipment setup,,False
DEV-194,2025-12-20,,2026-01-21,in_progress,minor,Basel Site,Engineering,Equipment Maintenance,Product C,BATCH-2026-026,EQ-004,,SOP-075,Packaging Owner 01,Synthetic equipment maintenance deviation requiring documented QA review.,documentation gap,,True
DEV-195,2025-06-27,2025-07-22,2025-08-05,closed,minor,Basel Site,Production,Weighing,Product B,BATCH-2026-151,EQ-012,,SOP-090,QA Owner 02,Synthetic weighing deviation requiring documented QA review.,supplier documentation,,False
DEV-196,2025-06-26,2025-07-22,2025-07-25,closed,minor,Basel Site,QA Operations,Supplier Qualification,Product B,BATCH-2026-096,,SUP-002,SOP-035,Engineering Owner 01,Synthetic supplier qualification deviation requiring documented QA review.,documentation gap,,True
DEV-197,2026-03-06,2026-03-21,2026-04-07,closed,major,Berlin Site,Engineering,Equipment Maintenance,Product B,BATCH-2026-040,EQ-014,,SOP-060,QA Owner 01,Synthetic equipment maintenance deviation requiring documented QA review.,equipment setup,CAPA-045,False
DEV-198,2025-09-23,,2025-10-26,in_progress,minor,Berlin Site,QA Operations,Supplier Qualification,Product C,BATCH-2026-078,,SUP-010,SOP-090,Packaging Owner 01,Synthetic supplier qualification deviation requiring documented QA review.,documentation gap,CAPA-075,False
DEV-199,2026-02-02,,2026-03-14,open,major,Berlin Site,Production,Cleaning,Product C,BATCH-2026-168,EQ-017,,SOP-032,Packaging Owner 01,Synthetic cleaning deviation requiring documented QA review.,supplier documentation,CAPA-076,False
DEV-200,2025-05-06,2025-06-18,2025-06-10,closed,minor,Berlin Site,Production,Granulation,Product A,BATCH-2026-005,EQ-018,,SOP-066,QA Owner 02,Synthetic granulation deviation requiring documented QA review.,documentation gap,,False
DEV-201,2026-02-25,,2026-03-23,open,major,Berlin Site,Engineering,Equipment Maintenance,Product A,BATCH-2026-166,EQ-016,,SOP-035,QA Owner 02,Synthetic equipment maintenance deviation requiring documented QA review.,SOP interpretation,,False
DEV-202,2025-11-21,2026-01-01,2025-12-18,closed,minor,Basel Site,QA Operations,Supplier Qualification,Product B,BATCH-2026-106,,SUP-013,SOP-024,Validation Owner 01,Synthetic supplier qualification deviation requiring documented QA review.,documentation gap,,False
DEV-203,2025-08-17,,2025-09-28,in_progress,minor,Berlin Site,Production,Weighing,Product C,BATCH-2026-148,EQ-004,,SOP-093,QA Owner 02,Synthetic weighing deviation requiring documented QA review.,equipment setup,CAPA-060,True
DEV-204,2025-08-11,2025-09-18,2025-09-25,closed,major,Basel Site,Production,Granulation,Product A,BATCH-2026-169,EQ-009,,SOP-027,QA Owner 02,Synthetic granulation deviation requiring documented QA review.,supplier documentation,CAPA-069,False
DEV-205,2026-03-06,,2026-04-08,in_progress,minor,Basel Site,Production,Weighing,Product C,BATCH-2026-042,EQ-002,,SOP-001,QC Owner 02,Synthetic weighing deviation requiring documented QA review.,documentation gap,CAPA-063,False
DEV-206,2025-08-07,,2025-09-15,in_progress,minor,Berlin Site,Production,Cleaning,Product B,BATCH-2026-035,EQ-012,,SOP-018,Supplier Quality Owner 01,Synthetic cleaning deviation requiring documented QA review.,equipment setup,,False
DEV-207,2025-10-22,,2025-11-12,in_progress,minor,Berlin Site,Engineering,Equipment Maintenance,Product B,BATCH-2026-087,EQ-012,,SOP-089,QA Owner 02,Synthetic equipment maintenance deviation requiring documented QA review.,documentation gap,,False
DEV-208,2025-05-19,2025-06-22,2025-06-19,closed,major,Berlin Site,Production,Granulation,Product B,BATCH-2026-080,EQ-009,,SOP-072,Validation Owner 01,Synthetic granulation deviation requiring documented QA review.,SOP interpretation,,False
DEV-209,2025-06-25,,2025-07-15,in_progress,minor,Basel Site,Production,Weighing,Product B,BATCH-2026-160,EQ-011,,SOP-003,Packaging Owner 01,Synthetic weighing deviation requiring documented QA review.,documentation gap,,True
DEV-210,2025-09-08,2025-09-16,2025-10-16,closed,critical,Berlin Site,Production,Weighing,Product C,BATCH-2026-177,EQ-009,,SOP-059,QA Owner 02,Synthetic weighing deviation requiring documented QA review.,documentation gap,,False
DEV-211,2025-07-18,2025-07-31,2025-08-07,closed,minor,Basel Site,Production,Weighing,Product C,BATCH-2026-127,EQ-007,,SOP-042,QA Owner 01,Synthetic weighing deviation requiring documented QA review.,SOP interpretation,,False
DEV-212,2025-06-26,,2025-07-23,in_progress,major,Basel Site,Production,Weighing,Product B,BATCH-2026-168,EQ-010,,SOP-096,QA Owner 02,Synthetic weighing deviation requiring documented QA review.,equipment setup,,False
DEV-213,2025-05-09,,2025-06-21,open,major,Basel Site,Production,Weighing,Product B,BATCH-2026-160,EQ-016,,SOP-073,Packaging Owner 01,Synthetic weighing deviation requiring documented QA review.,supplier documentation,,False
DEV-214,2025-05-06,2025-05-23,2025-05-28,closed,minor,Berlin Site,Production,Weighing,Product B,BATCH-2026-120,EQ-019,,SOP-044,Supplier Quality Owner 01,Synthetic weighing deviation requiring documented QA review.,SOP interpretation,,False
DEV-215,2026-01-06,2026-01-24,2026-01-30,closed,minor,Basel Site,Engineering,Equipment Maintenance,Product B,BATCH-2026-012,EQ-001,,SOP-003,Production Owner 01,Synthetic equipment maintenance deviation requiring documented QA review.,documentation gap,,False
DEV-216,2026-01-21,2026-02-26,2026-02-12,closed,minor,Basel Site,Production,Cleaning,Product C,BATCH-2026-146,EQ-004,,SOP-062,Production Owner 01,Synthetic cleaning deviation requiring documented QA review.,supplier documentation,,False
DEV-217,2025-10-07,2025-11-16,2025-11-12,closed,minor,Basel Site,QA Operations,Supplier Qualification,Product A,BATCH-2026-136,,SUP-006,SOP-031,Warehouse Owner 01,Synthetic supplier qualification deviation requiring documented QA review.,supplier documentation,CAPA-034,True
DEV-218,2025-07-10,2025-08-08,2025-08-21,closed,minor,Berlin Site,QA Operations,Supplier Qualification,Product C,BATCH-2026-147,,SUP-014,SOP-084,QA Owner 01,Synthetic supplier qualification deviation requiring documented QA review.,SOP interpretation,,False
DEV-219,2025-09-19,2025-10-14,2025-10-16,closed,minor,Berlin Site,Production,Weighing,Product B,BATCH-2026-038,EQ-014,,SOP-037,QA Owner 01,Synthetic weighing deviation requiring documented QA review.,documentation gap,,False
DEV-220,2025-06-24,2025-07-15,2025-08-08,closed,major,Berlin Site,Engineering,Equipment Maintenance,Product B,BATCH-2026-086,EQ-001,,SOP-003,QA Owner 01,Synthetic equipment maintenance deviation requiring documented QA review.,documentation gap,,False
DEV-221,2025-05-20,,2025-06-09,open,major,Basel Site,Engineering,Equipment Maintenance,Product C,BATCH-2026-039,EQ-017,,SOP-017,Packaging Owner 01,Synthetic equipment maintenance deviation requiring documented QA review.,SOP interpretation,,False
DEV-222,2026-02-06,,2026-03-11,cancelled,minor,Basel Site,Engineering,Equipment Maintenance,Product A,BATCH-2026-158,EQ-016,,SOP-020,Packaging Owner 01,Synthetic equipment maintenance deviation requiring documented QA review.,documentation gap,CAPA-001,False
DEV-223,2025-12-24,,2026-02-01,cancelled,minor,Berlin Site,Production,Weighing,Product B,BATCH-2026-114,EQ-007,,SOP-012,Production Owner 02,Synthetic weighing deviation requiring documented QA review.,SOP interpretation,,True
DEV-224,2025-09-06,2025-09-16,2025-10-07,closed,minor,Berlin Site,Engineering,Equipment Maintenance,Product C,BATCH-2026-034,EQ-001,,SOP-012,QA Owner 01,Synthetic equipment maintenance deviation requiring documented QA review.,equipment setup,,False
DEV-225,2025-12-31,2026-02-08,2026-02-12,closed,minor,Basel Site,Production,Weighing,Product C,BATCH-2026-093,EQ-017,,SOP-078,Packaging Owner 01,Synthetic weighing deviation requiring documented QA review.,documentation gap,CAPA-045,False
DEV-226,2025-11-08,,2025-12-18,in_progress,minor,Basel Site,Engineering,Equipment Maintenance,Product C,BATCH-2026-074,EQ-015,,SOP-098,QA Owner 02,Synthetic equipment maintenance deviation requiring documented QA review.,SOP interpretation,,True
DEV-227,2025-11-11,,2025-12-20,in_progress,major,Berlin Site,QA Operations,Supplier Qualification,Product A,BATCH-2026-173,,SUP-006,SOP-056,QA Owner 02,Synthetic supplier qualification deviation requiring documented QA review.,SOP interpretation,CAPA-048,False
DEV-228,2025-05-04,,2025-06-18,cancelled,minor,Berlin Site,Production,Weighing,Product A,BATCH-2026-168,EQ-018,,SOP-072,QA Owner 01,Synthetic weighing deviation requiring documented QA review.,equipment setup,,False
DEV-229,2025-04-30,2025-05-18,2025-05-21,closed,major,Berlin Site,QA Operations,Supplier Qualification,Product B,BATCH-2026-114,,SUP-015,SOP-064,Packaging Owner 01,Synthetic supplier qualification deviation requiring documented QA review.,supplier documentation,,True
DEV-230,2025-10-19,2025-11-21,2025-11-30,closed,minor,Berlin Site,Production,Weighing,Product B,BATCH-2026-026,EQ-010,,SOP-066,QA Owner 01,Synthetic weighing deviation requiring documented QA review.,documentation gap,,False
DEV-231,2025-05-06,2025-05-12,2025-05-26,closed,minor,Berlin Site,Production,Cleaning,Product B,BATCH-2026-028,EQ-020,,SOP-100,Validation Owner 01,Synthetic cleaning deviation requiring documented QA review.,supplier documentation,,False
DEV-232,2025-08-16,2025-08-29,2025-09-05,closed,minor,Berlin Site,Production,Weighing,Product C,BATCH-2026-162,EQ-001,,SOP-067,QA Owner 01,Synthetic weighing deviation requiring documented QA review.,SOP interpretation,,False
DEV-233,2025-08-31,2025-10-08,2025-09-26,closed,minor,Berlin Site,Production,Granulation,Product A,BATCH-2026-161,EQ-014,,SOP-016,Packaging Owner 01,Synthetic granulation deviation requiring documented QA review.,equipment setup,,False
DEV-234,2026-03-01,,2026-04-05,open,minor,Basel Site,Production,Weighing,Product A,BATCH-2026-023,EQ-011,,SOP-097,Packaging Owner 01,Synthetic weighing deviation requiring documented QA review.,supplier documentation,,False
DEV-235,2025-05-30,2025-06-30,2025-07-01,closed,major,Basel Site,QA Operations,Supplier Qualification,Product C,BATCH-2026-088,,SUP-008,SOP-007,QC Owner 02,Synthetic supplier qualification deviation requiring documented QA review.,supplier documentation,,True
DEV-236,2025-10-12,2025-10-30,2025-11-16,closed,major,Basel Site,Engineering,Equipment Maintenance,Product A,BATCH-2026-081,EQ-017,,SOP-079,Validation Owner 01,Synthetic equipment maintenance deviation requiring documented QA review.,supplier documentation,,False
DEV-237,2025-05-16,,2025-06-20,in_progress,major,Basel Site,QA Operations,Supplier Qualification,Product A,BATCH-2026-047,,SUP-003,SOP-012,QA Owner 01,Synthetic supplier qualification deviation requiring documented QA review.,supplier documentation,CAPA-036,False
DEV-238,2026-01-22,2026-02-18,2026-02-28,closed,major,Basel Site,QA Operations,Supplier Qualification,Product C,BATCH-2026-075,,SUP-014,SOP-012,QA Owner 02,Synthetic supplier qualification deviation requiring documented QA review.,SOP interpretation,,False
DEV-239,2026-02-16,2026-03-28,2026-03-14,closed,minor,Basel Site,QA Operations,Supplier Qualification,Product C,BATCH-2026-031,,SUP-001,SOP-075,Validation Owner 01,Synthetic supplier qualification deviation requiring documented QA review.,supplier documentation,CAPA-027,False
DEV-240,2025-11-10,2025-12-22,2025-12-25,closed,minor,Basel Site,Engineering,Equipment Maintenance,Product C,BATCH-2026-032,EQ-008,,SOP-090,Production Owner 02,Synthetic equipment maintenance deviation requiring documented QA review.,supplier documentation,,False
DEV-241,2025-09-15,2025-10-07,2025-10-06,closed,minor,Basel Site,Production,Weighing,Product A,BATCH-2026-120,EQ-017,,SOP-041,Packaging Owner 01,Synthetic weighing deviation requiring documented QA review.,documentation gap,,False
DEV-242,2025-08-26,2025-09-13,2025-09-25,closed,minor,Basel Site,Engineering,Equipment Maintenance,Product A,BATCH-2026-022,EQ-004,,SOP-020,QA Owner 01,Synthetic equipment maintenance deviation requiring documented QA review.,equipment setup,CAPA-042,True
DEV-243,2026-02-17,2026-03-18,2026-03-16,closed,minor,Basel Site,Production,Weighing,Product C,BATCH-2026-138,EQ-016,,SOP-067,QA Owner 02,Synthetic weighing deviation requiring documented QA review.,equipment setup,,False
DEV-244,2026-01-16,2026-02-25,2026-02-13,closed,minor,Basel Site,QA Operations,Supplier Qualification,Product B,BATCH-2026-080,,SUP-008,SOP-048,QA Owner 01,Synthetic supplier qualification deviation requiring documented QA review.,equipment setup,,False
DEV-245,2026-01-11,,2026-02-24,in_progress,major,Basel Site,Engineering,Equipment Maintenance,Product A,BATCH-2026-116,EQ-010,,SOP-034,QA Owner 01,Synthetic equipment maintenance deviation requiring documented QA review.,supplier documentation,,True
DEV-246,2026-01-06,2026-01-24,2026-01-28,closed,major,Berlin Site,QA Operations,Supplier Qualification,Product A,BATCH-2026-175,,SUP-004,SOP-082,QA Owner 02,Synthetic supplier qualification deviation requiring documented QA review.,SOP interpretation,,False
DEV-247,2025-07-02,2025-08-11,2025-08-09,closed,minor,Berlin Site,Production,Weighing,Product A,BATCH-2026-180,EQ-019,,SOP-057,QC Owner 02,Synthetic weighing deviation requiring documented QA review.,documentation gap,,False
DEV-248,2026-01-16,,2026-02-10,open,minor,Basel Site,Production,Granulation,Product A,BATCH-2026-059,EQ-009,,SOP-086,Production Owner 01,Synthetic granulation deviation requiring documented QA review.,supplier documentation,,False
DEV-249,2025-08-09,,2025-09-12,open,major,Basel Site,Production,Weighing,Product C,BATCH-2026-156,EQ-017,,SOP-088,Validation Owner 01,Synthetic weighing deviation requiring documented QA review.,documentation gap,CAPA-065,False
DEV-250,2025-09-27,,2025-11-06,in_progress,minor,Basel Site,Engineering,Equipment Maintenance,Product A,BATCH-2026-141,EQ-004,,SOP-076,Packaging Owner 01,Synthetic equipment maintenance deviation requiring documented QA review.,SOP interpretation,,False
